post_id,brand,platform,post_date,crosspost,caption,views,reach,interactions,likes,comments,shares,saves,followers_gain,watch_total,watch_avg
META_TIA_IG_2026-08-12_29,TIA,Instagram,2026/8/12,Y,"Le problème quand on va en Tia, c'est qu'on a envie de tout tester. 🛒🍜 Entre les nouilles, les raviolis, le thé et même une Tsingtao pour l'apéro... Mon panier est déjà plein ! 🥟🍻#supermarche #tia #cuisinechinoise",1951,617,21,17,2,1,1,0,3181,5
META_TIA_IG_2026-08-04_30,TIA,Instagram,2026/8/4,Y,"Alerte gourmandise ! 🚨 Les fameuses glaces en forme de fruits débarquent enfin en France ! 🇫🇷🍋🍑🥭 Vous les avez sûrement déjà vues passer partout sur les réseaux, et elles sont maintenant disponibles pour vous rafraîchir ! Craquez pour ces délicieux desserts glacés en trompe-l'œil : citron acidulé, pêche douce ou mangue ultra-gourmande. Aussi belles à regarder que bonnes à manger ! 🤤☀️🛒 #glace #trompelœil #nouveautéfrance #gourmandise",4087,1446,53,36,3,9,1,1,11400,7
META_TIA_IG_2026-07-21_31,TIA,Instagram,2026/7/21,Y,Les supermarchés Tia de Reims et de Tours ont désormais ouvert leurs portes et vous accueillent avec plaisir ! #tours #reims #tiasupermarche #pov,2519,816,28,22,2,2,1,0,4500,5
META_TIA_IG_2026-07-19_32,TIA,Instagram,2026/7/19,Y,"🇦🇷🇪🇸 Une nuit, un trophée, une légende en quête d'histoire. ⚽🏆 #finalecoupedumonde #coupedumonde2026 #messifans",2849,1573,12,11,0,0,0,0,9840,6
META_TIA_IG_2026-07-13_33,TIA,Instagram,2026/7/13,Y,Mon petit bonheur🥰#tiasupermarche #jacknkings #glace #fruits #nourriture,3532,1768,34,24,3,3,1,1,8520,4
META_TIA_IG_2026-07-07_34,TIA,Instagram,2026/7/7,Y,"L'été est officiellement arrivé ! ☀️ Avec cette chaleur, on n'a qu'une envie : croquer dans ces fruits… glacés ! 🍉🥭🍓 Une expérience aussi fun que rafraîchissante. Vous en avez déjà testé ? 😍#tiasupermarche #jackandkings #glace #ete",2534,1351,37,31,1,0,0,0,5460,4
META_TIA_IG_2026-07-04_35,TIA,Instagram,2026/7/4,Y,Mon patron m'a dit de faire ma promo comme ça #tiasupermarche #tours #saran #pov #foodlover,1826,822,19,15,1,0,1,1,4440,5
META_TIA_IG_2026-07-01_36,TIA,Instagram,2026/7/1,N,"On dit que l'argent ne peut pas acheter le bonheur... mais chez nous, ça y ressemble fort ! 😄 Tia Supermarché est officiellement rouvert ! 🎉 📍 27 Rue des Laps, Cormontreuil Nouveautés et produits préférés vous attendent en rayon. On vous attend nombreux ! 🛒✨ #produitsasiatiques #reouverture #reims #tiasupermarche",3144,2210,57,43,4,2,4,2,11220,5
META_TIA_IG_2026-06-25_37,TIA,Instagram,2026/6/25,Y,L'obsession food tout droit venue des USA arrive enfin en France ! 🇺🇸➡️🇫🇷 Préparez-vous à craquer : ces glaces fruits ultra-réalistes débarquent chez vous dans 2 semaines. Qui a hâte de tester ? 🥭🍓🍋#tiasupermarche #tours #reims #pov #glace,1795,689,24,20,1,2,0,0,4140,6
META_TIA_IG_2026-06-22_38,TIA,Instagram,2026/6/22,Y,"Bonne nouvelle ! 🥢 Notre TIA Supermarché à Reims rouvre le vendredi 26 juin. 27 Rue des Laps,51350 Reims Cormontreuil Soyez au rendez-vous !",3859,1177,107,68,10,26,0,1,8280,6
META_TIA_IG_2026-06-17_39,TIA,Instagram,2026/6/17,Y,"Votre supermarché asiatique préféré est de retour ! 🥢 Tia Supermarché vous accueille à nouveau 📅 Vendredi 26 Juin 📍 27 Rue des Laps, Cormontreuil 🔥 Ne manquez pas le rendez-vous ! Des nouveautés et tous vos produits préférés vous attendent déjà. 🧋🥟 Hâte de vous retrouver ! 🎉 #produitsasiatiques #reouverture #ouverture #reims #tiasupermarche",5582,1528,181,88,31,52,2,4,13260,7
META_TIA_IG_2026-06-16_40,TIA,Instagram,2026/6/16,Y,"C'est pour ça que l'été est ma saison préférée: Le soleil, la plage, les fruits et bien sûr ma classe préférée!!! #tiasupermarche #france🇫🇷 #glace #été #foodporn",2386,1182,49,33,1,9,2,1,5460,4
META_TIA_IG_2026-06-15_41,TIA,Instagram,2026/6/15,Y,"Je sais que je devrais dormir, mais la voix dans ma tête continue… Vous pouvez trouver tout cela dans notre supermarché…#tours #saran #tiasupermarche #pov #iknowishouldsleep",1550,609,16,12,3,0,0,0,3960,6
META_TIA_IG_2026-06-11_42,TIA,Instagram,2026/6/11,Y,Des millions de Chinois adorent ce repas👈#tours #tiasupermarche #founduechinoise #asie #foodtok,3956,806,28,19,6,0,2,0,5700,7
META_TIA_IG_2026-06-09_43,TIA,Instagram,2026/6/9,N,Bienvenue dans notre Tia Supermarché . . . . . . . .#tiasupermarche #tours #tiasupermarché #saran #foodlover,837,595,17,13,3,0,0,0,3011,5
META_TIA_IG_2026-06-08_44,TIA,Instagram,2026/6/8,Y,Ils sont disponibles chez nous . . . . . . . .#tiasupermarche #tours #tiasupermarche #saran #foodlover,1940,942,28,23,2,1,0,0,4080,4
META_TIA_IG_2026-06-03_45,TIA,Instagram,2026/6/3,Y,Les glaces en forme de fruits vont bientôt arriver dans 28 jours #tours #tiasupermarche #glace,4801,2726,49,31,1,8,7,0,14580,5
META_TIA_IG_2026-05-20_46,TIA,Instagram,2026/5/20,N,Applaudissez bien fort Nouveautés bientôt !#supermarché #tiasupermarche #glace #Nouveautés #tours,1287,914,74,38,0,25,5,0,7560,8
META_TIA_IG_2026-05-18_47,TIA,Instagram,2026/5/18,Y,Choisis un cœur = ton repas du jour 🛒 . . . . . 1. Yakitori 2. Hot-dog 3. Baozi 4. Ramen 5. Bâtonnets épicés #tiasupermarche #nourriturefrançaise #supermarché #foodlover #❤️❤️,4039,2147,35,29,2,0,1,0,13200,6
META_TIA_IG_2026-05-15_48,TIA,Instagram,2026/5/15,Y,On hype Tia supermarché 🇫🇷 comme les gens hypent les konbini au Japon 🇯🇵 #tiasupermarche #tours #foodlover #fypシ❤️💞❤️,6204,1655,62,51,2,1,5,4,12180,7
META_TIA_IG_2026-05-12_49,TIA,Instagram,2026/5/12,Y,Quand je suis au Tia supermarché#tours #tiasupermarche #pov #foodlover #pourtoi,3025,1330,49,38,4,0,3,0,6720,5
META_TIA_IG_2026-05-07_50,TIA,Instagram,2026/5/7,Y,Faites des yakitori en 5 minutes en 6 étapes simples #yakitori #tours #tia #supermarché,4149,1610,44,35,0,3,2,0,11880,6
META_TIA_IG_2026-05-04_51,TIA,Instagram,2026/5/4,Y,"Notre supermarché de Tours est enfin ouvert, on vous attend !Adresse : Tia Supermarché 9 Rue Jean Monnet 37390 Notre-Dame-d'Oé France #chinese #grandma #singing #viral #tiasupermarche",7493,2616,178,110,23,35,8,9,25860,9
META_TIA_IG_2026-04-30_52,TIA,Instagram,2026/4/30,Y,"Notre supermarché à Tours ouvrira le 2 mai, nous vous souhaitons la bienvenue #tiasupermarche #tours #tiasupermarche #pov",31341,3720,347,201,52,74,17,9,39060,9
META_TIA_FB_2026-08-12_27,TIA,Facebook,2026/8/12,Y,"Le problème quand on va en Tia, c'est qu'on a envie de tout tester. 🛒🍜 Entre les nouilles, les raviolis, le thé et même une Tsingtao pour l'apéro... Mon panier est déjà plein ! 🥟🍻#supermarche #tia #cuisinechinoise",1951,843,21,17,2,1,1,0,5434,6
META_TIA_FB_2026-08-04_28,TIA,Facebook,2026/8/4,Y,"Alerte gourmandise ! 🚨 Les fameuses glaces en forme de fruits débarquent enfin en France ! 🇫🇷🍋🍑🥭 Vous les avez sûrement déjà vues passer partout sur les réseaux, et elles sont maintenant disponibles pour vous rafraîchir ! Craquez pour ces délicieux desserts glacés en trompe-l'œil : citron acidulé, pêche douce ou mangue ultra-gourmande. Aussi belles à regarder que bonnes à manger ! 🤤☀️🛒 #glace #trompelœil #nouveautéfrance #gourmandise",4087,1612,53,36,3,9,1,1,11000,7
META_TIA_FB_2026-07-21_29,TIA,Facebook,2026/7/21,Y,Les supermarchés Tia de Reims et de Tours ont désormais ouvert leurs portes et vous accueillent avec plaisir ! #tours #reims #tiasupermarche #pov,2519,945,28,22,2,2,1,0,6262,6
META_TIA_FB_2026-07-19_30,TIA,Facebook,2026/7/19,Y,"🇦🇷🇪🇸 Une nuit, un trophée, une légende en quête d'histoire. ⚽🏆 #finalecoupedumonde #coupedumonde2026 #messifans",2849,632,12,11,0,0,0,0,2672,4
META_TIA_FB_2026-07-13_31,TIA,Facebook,2026/7/13,Y,Mon petit bonheur🥰#tiasupermarche #jacknkings #glace #fruits #nourriture,3532,645,34,24,3,3,1,1,2837,5
META_TIA_FB_2026-07-07_32,TIA,Facebook,2026/7/7,Y,"L'été est officiellement arrivé ! ☀️ Avec cette chaleur, on n'a qu'une envie : croquer dans ces fruits… glacés ! 🍉🥭🍓 Une expérience aussi fun que rafraîchissante. Vous en avez déjà testé ? 😍#tiasupermarche #jackandkings #glace #ete",2534,585,37,31,1,0,0,0,2051,4
META_TIA_FB_2026-07-04_33,TIA,Facebook,2026/7/4,Y,Mon patron m'a dit de faire ma promo comme ça #tiasupermarche #tours #saran #pov #foodlover,1826,565,19,15,1,0,1,1,2448,4
META_TIA_FB_2026-06-25_34,TIA,Facebook,2026/6/25,Y,L'obsession food tout droit venue des USA arrive enfin en France ! 🇺🇸➡️🇫🇷 Préparez-vous à craquer : ces glaces fruits ultra-réalistes débarquent chez vous dans 2 semaines. Qui a hâte de tester ? 🥭🍓🍋#tiasupermarche #tours #reims #pov #glace,1795,778,24,20,1,2,0,0,4095,5
META_TIA_FB_2026-06-22_35,TIA,Facebook,2026/6/22,Y,"Bonne nouvelle ! 🥢 Notre TIA Supermarché à Reims rouvre le vendredi 26 juin. 27 Rue des Laps,51350 Reims Cormontreuil Soyez au rendez-vous !",3859,1275,107,68,10,26,0,1,12928,8
META_TIA_FB_2026-06-17_36,TIA,Facebook,2026/6/17,Y,"Votre supermarché asiatique préféré est de retour ! 🥢 Tia Supermarché vous accueille à nouveau 📅 Vendredi 26 Juin 📍 27 Rue des Laps, Cormontreuil 🔥 Ne manquez pas le rendez-vous ! Des nouveautés et tous vos produits préférés vous attendent déjà. 🧋🥟 Hâte de vous retrouver ! 🎉 #produitsasiatiques #reouverture #ouverture #reims #tiasupermarche",5582,1189,181,88,31,52,2,4,12665,8
META_TIA_FB_2026-06-16_37,TIA,Facebook,2026/6/16,Y,"C'est pour ça que l'été est ma saison préférée: Le soleil, la plage, les fruits et bien sûr ma classe préférée!!! #tiasupermarche #france🇫🇷 #glace #été #foodporn",2386,604,49,33,1,9,2,1,2692,4
META_TIA_FB_2026-06-15_38,TIA,Facebook,2026/6/15,Y,"Je sais que je devrais dormir, mais la voix dans ma tête continue… Vous pouvez trouver tout cela dans notre supermarché…#tours #saran #tiasupermarche #pov #iknowishouldsleep",1550,533,16,12,3,0,0,0,2381,4
META_TIA_FB_2026-06-11_39,TIA,Facebook,2026/6/11,Y,Des millions de Chinois adorent ce repas👈#tours #tiasupermarche #founduechinoise #asie #foodtok,3956,2609,28,19,6,0,2,0,14042,6
META_TIA_FB_2026-06-08_40,TIA,Facebook,2026/6/8,Y,Ils sont disponibles chez nous . . . . . . . .#tiasupermarche #tours #tiasupermarche #saran #foodlover,1940,517,28,23,2,1,0,0,1949,4
META_TIA_FB_2026-06-03_41,TIA,Facebook,2026/6/3,Y,Les glaces en forme de fruits vont bientôt arriver dans 28 jours #tours #tiasupermarche #glace,4801,703,49,31,1,8,7,0,3333,5
META_TIA_FB_2026-05-18_42,TIA,Facebook,2026/5/18,Y,Choisis un cœur = ton repas du jour 🛒 . . . . . 1. Yakitori 2. Hot-dog 3. Baozi 4. Ramen 5. Bâtonnets épicés #tiasupermarche #nourriturefrançaise #supermarché #foodlover #❤️❤️,4039,730,35,29,2,0,1,0,3635,5
META_TIA_FB_2026-05-15_43,TIA,Facebook,2026/5/15,Y,On hype Tia supermarché 🇫🇷 comme les gens hypent les konbini au Japon 🇯🇵 #tiasupermarche #tours #foodlover #fypシ❤️💞❤️,6204,3618,62,51,2,1,5,4,16845,5
META_TIA_FB_2026-05-12_44,TIA,Facebook,2026/5/12,Y,Quand je suis au Tia supermarché#tours #tiasupermarche #pov #foodlover #pourtoi,3025,855,49,38,4,0,3,0,4034,5
META_TIA_FB_2026-05-07_45,TIA,Facebook,2026/5/7,Y,Faites des yakitori en 5 minutes en 6 étapes simples #yakitori #tours #tia #supermarché,4149,1554,44,35,0,3,2,0,9040,6
META_TIA_FB_2026-05-04_46,TIA,Facebook,2026/5/4,Y,"Notre supermarché de Tours est enfin ouvert, on vous attend !Adresse : Tia Supermarché 9 Rue Jean Monnet 37390 Notre-Dame-d'Oé France #chinese #grandma #singing #viral #tiasupermarche",7493,1818,178,110,23,35,8,9,20280,10
META_TIA_FB_2026-04-30_47,TIA,Facebook,2026/4/30,N,#supermarché #tours #Centre-Val de Loire,91566,36790,2206,954,96,1004,120,303,272513,8
META_TIA_FB_2026-04-30_48,TIA,Facebook,2026/4/30,Y,"Notre supermarché à Tours ouvrira le 2 mai, nous vous souhaitons la bienvenue #tiasupermarche #tours #tiasupermarche #pov",31341,24137,347,201,52,74,17,9,130710,6
META_JNK_IG_2026-08-31_43,Jacknkings,Instagram,2026/8/31,Y,Et si on surfait aussi sur la hype de Justin Sun ? Des idées ? Laisse tomber 😂 Toutes nos glaces aux fruits Jacknkings à découvrir ! 🍧#justinsun #jackandkings #icecreamlovers #yummy #glace,738,525,14,11,0,0,0,0,2990,6
META_JNK_IG_2026-08-25_44,Jacknkings,Instagram,2026/8/25,Y,"Tu pensais croquer dans du poulet frit, mais c'est en fait une glace hyper rafraîchissante ? 🍗🥶 De nos jours, même les glaces maîtrisent l'art du camouflage ! Et on en parle de cette mangue ultra-réaliste ? 🥭✨ 👇 Dis-moi, lequel t'a eu au premier coup d'œil ? #trompelœil #icecreamtime🍦 #sweettooth #snackhaul #aesthetic",481,277,8,5,2,0,0,0,1408,5
META_JNK_IG_2026-08-10_45,Jacknkings,Instagram,2026/8/10,Y,"Enfin, tu peux trouver nos glaces en France ! #jackandkings #jacknkings #glace #lamer #summervibes",241,64,5,2,0,1,0,0,578,8
META_JNK_IG_2026-08-10_46,Jacknkings,Instagram,2026/8/10,Y,"C'est pas juste de la glace, c'est de l'art (et c'est incroyablement bon). ✨ Petite pause rafraîchissante avec ces merveilles fruitées de Jack & King's. Lequel vous donne le plus envie ? La pêche, le citron ou le faux poulet frit ? 🍑🍋🍗#jackandkings #icecreamlovers #yummy #cuisinechinoise #glace",365,188,7,4,0,0,0,0,720,4
META_JNK_IG_2026-07-27_47,Jacknkings,Instagram,2026/7/27,Y,Les bons jours : une glace. 🍦 Les mauvais jours : une glace. 🍦 Tous les jours : une glace. 🍦 La glace ne résout peut-être pas tous les problèmes… mais elle aide beaucoup. 😂 #glace #icecream #foodlover #gourmandise #desert,7940,6270,5146,0,204,172,146,1,,8
META_JNK_IG_2026-07-19_48,Jacknkings,Instagram,2026/7/19,Y,"Nuit de légende. 🇦🇷🇪🇸 Un trophée, deux nations, une histoire qui s'écrit ce soir. ⚽🏆 #FinaleCoupeDuMonde #CoupeDuMonde2026 #Messi",6779,3746,3684,0,293,228,271,0,,1
META_JNK_IG_2026-07-02_49,Jacknkings,Instagram,2026/7/2,Y,"Le Congo démarre fort ! 🔥 Après seulement 5 minutes, le Congo ouvre le score et mène 1-0 face à l'Angleterre. Qui aurait imaginé que l'Angleterre serait bousculée aussi vite pour son premier match à élimination directe ? En phase à élimination directe, il n'y a vraiment plus de petite équipe. Un seul but peut tout changer. L'Angleterre est en danger ! ⚽ #Angleterre #Congo #ÉliminationDirecte #FootballLive #CoupeDuMonde Surprise Atlanta JackDragonWorldCupTour",941,790,8,6,0,0,0,0,9360,12
META_JNK_IG_2026-07-01_50,Jacknkings,Instagram,2026/7/1,Y,"Premier match à élimination directe pour l'Angleterre : les supporters étaient complètement fous ! Les supporters anglais ne sont pas venus simplement regarder le match, ils sont venus mettre tout le stade en feu. 🔥 C'est le premier match à élimination directe de l'Angleterre, et aussi un moment clé pour prouver qu'elle fait partie des grands favoris pour le titre. #Angleterre #ÉliminationDirecte #AmbianceFootball #Atlanta #CoupeDuMonde SupportersAnglais JackDragonWorldCupTour",1102,680,24,21,0,0,1,0,4440,7
META_JNK_IG_2026-07-01_51,Jacknkings,Instagram,2026/7/1,Y,Mon patron m'a dit de faire ma promo comme ça...#jackandkings #icecreamlovers #foodlovers #cuisinechinoise #glace,488,212,8,5,0,0,0,0,1010,5
META_JNK_IG_2026-07-01_52,Jacknkings,Instagram,2026/7/1,N,"Pourquoi ""Jack & King's"" ? Parce que pour nous, chaque client et partenaire est un ""Roi"" (King) ou une ""Reine"" ! Des brioches et raviolis jusqu'aux dim sum et plats faits maison, nous offrons une solution tout-en-un pour une cuisine chinoise authentique. Facile à préparer, toujours aussi délicieux — où que vous soyez, nous vous apportons le goût de la maison.#yummy #cuisinechinoise #jackandkings #icecreamlovers",182,156,4,2,0,0,0,0,669,4
META_JNK_IG_2026-06-30_53,Jacknkings,Instagram,2026/6/30,N,"Les stars du salon - Nos glaces créatives : Ne manquez pas nos glaces aux fruits en trompe-l'œil, et l'incroyable glace en forme de ""pilon de poulet frit"" : aussi amusante que délicieuse !#jackandkings #fancyfoodshow #salonalimentaire #gastronomie #newyork",229,192,8,4,0,0,0,0,1539,8
META_JNK_IG_2026-06-23_54,Jacknkings,Instagram,2026/6/23,Y,La glace de jack n kings！！！glace en forme de fruit！,509,233,8,5,0,0,0,0,1362,6
META_JNK_IG_2026-06-22_55,Jacknkings,Instagram,2026/6/22,Y,"Jack Dragon World Cup Tour Pays-Bas 🇳🇱 vs Suède 🇸🇪 La passion de la Coupe du Monde enflamme Houston ! De Houston à Atlanta, un week-end au cœur de la ferveur et du football. #netherlands🇳🇱 #sweden🇸🇪 #houston #football",419,139,4,2,0,0,1,0,561,4
META_JNK_IG_2026-06-18_56,Jacknkings,Instagram,2026/6/18,Y,"Quel moment incroyable ! Le sport, c'est la vie. ⚽️🙌 #Sport #Incroyable #Ambiance #GameDay",494,154,9,6,1,0,0,0,711,4
META_JNK_IG_2026-06-17_57,Jacknkings,Instagram,2026/6/17,N,"🇨🇿 République tchèque vs Afrique du Sud 🇿🇦 ⏳ J-1 avant le coup d'envoi ! Après une première journée intense dans le Groupe A, la République tchèque et l'Afrique du Sud se retrouvent pour un duel décisif. Chaque point compte dans la course à la qualification. 🏟️ Rendez-vous le 18 juin à 12h00 pour suivre cette rencontre qui promet intensité, engagement et émotion. 🔥 Qui repartira avec les trois points ? #coupedumonde #footballinternational #afriquedusud #republiquetcheque #passionfootball",169,120,9,6,0,0,0,0,418,3
META_JNK_IG_2026-06-16_58,Jacknkings,Instagram,2026/6/16,N,Le football n'a pas de frontières. Des milliers de kilomètres. Des dizaines de pays. Une seule passion.,148,122,9,4,1,0,0,0,663,5
META_JNK_IG_2026-06-16_59,Jacknkings,Instagram,2026/6/16,N,Ce n'est pas un concert. Ce n'est pas un festival. C'est la Coupe du Monde.,1854,1648,23,18,0,2,1,1,12120,8
META_JNK_IG_2026-06-15_60,Jacknkings,Instagram,2026/6/15,Y,"Que serait la passion de l'été sans son âme sœur rafraîchissante ? Regardez notre mascotte, le petit dragon, faire une entrée éclatante avec la glace aux fruits 3D JacknKings ! #jacknkings #glace #ete #crèmeglacée",367,141,5,3,0,0,0,0,714,5
META_JNK_IG_2026-06-15_61,Jacknkings,Instagram,2026/6/15,N,"Ce moment appartient au football ainsi qu'à Atlanta.La route de Jack Dragon vers 2026, officiellement lancée! Quel bonheur de se retrouver ici avec vous tous pour partager cette grande fête mondiale ! #crèmeglacée #glace #jacknkings #jackandkings #jackdragonroad2026",475,190,8,5,0,0,0,0,725,4
META_JNK_IG_2026-06-13_62,Jacknkings,Instagram,2026/6/13,Y,On dirait un vrai fruit... mais c'est une glace 🍓👀 Les glaces Jack and King's sont de retour pour l'été ! Tu goûterais laquelle ? #jackandkings #glacebay #icecream #foodtokfrance #été2026,582,214,10,7,0,1,0,0,1257,6
META_JNK_IG_2026-06-09_63,Jacknkings,Instagram,2026/6/9,N,Te rencontrer à Atlanta #Jacknkings #glace,61,39,7,4,0,0,0,0,253,5
META_JNK_IG_2026-06-08_64,Jacknkings,Instagram,2026/6/8,Y,La glace de Jacknkings!!!#glace #foodlover #fruits #ete,500,250,13,8,0,0,1,0,1306,5
META_JNK_IG_2026-06-06_65,Jacknkings,Instagram,2026/6/6,Y,La glace en forme de fruit de chez jacknkings!#jackandkings #icecreamlovers #cuisinechinoise #yummy #foodlovers,498,156,9,6,0,0,0,0,1020,6
META_JNK_IG_2026-06-04_66,Jacknkings,Instagram,2026/6/4,N,Mix pops de chez jack and king's! #galce #jacknkings #mixpops #fypage✨,222,176,13,9,0,0,0,1,840,5
META_JNK_IG_2026-06-03_67,Jacknkings,Instagram,2026/6/3,Y,note du public #jacknkings #glace #french,752,295,22,15,0,1,0,2,1938,6
META_JNK_IG_2026-05-20_68,Jacknkings,Instagram,2026/5/20,Y,Applaudissez bien fort notre mvp arrive . . . #badbunny #glace #pilon #fruits #jackandkings,565,231,17,12,1,0,0,0,1184,5
META_JNK_IG_2026-05-18_69,Jacknkings,Instagram,2026/5/18,Y,Choisis un cœur = ta glace du jour 🛒🍦 . . . . . 1. 🥭 Glace à la mangue 2. 🍍 Glace à l'ananas 3. 🍑 Glace à la pêche 4. 🍇 Glace au raisin 5. 🍗 Poulet #jackandkings #icecreamlovers #❤❤ #glace #fruit,757,286,14,8,1,0,0,0,1789,6
META_JNK_IG_2026-05-15_70,Jacknkings,Instagram,2026/5/15,Y,Glace en bac aux fruits JacknKings #glace #fruit #jackandkings #foodlovers,463,164,13,9,0,0,0,0,870,5
META_JNK_IG_2026-05-14_71,Jacknkings,Instagram,2026/5/14,Y,"Glace en forme de cuisse de poulet 🤤 Surprise à chaque bouchée, original et gourmand !#jackandkings #yummy #glace #foodlovers",537,157,10,5,1,0,0,0,752,5
META_JNK_IG_2026-05-11_72,Jacknkings,Instagram,2026/5/11,N,Jacknkings glace！！！#Jacknkings #glace #cuisse,183,148,14,8,0,0,0,0,639,4
META_JNK_IG_2026-05-08_73,Jacknkings,Instagram,2026/5/8,Y,La glace cuisse de poulet de Jack & Kings #france #glace #jackandkings #cuissedepoulet #cuisse,733,270,22,13,1,4,0,0,1736,6
META_JNK_IG_2026-04-30_74,Jacknkings,Instagram,2026/4/30,Y,Glace au citron？#icecream #lemon #glace #citron,669,178,11,8,0,0,0,0,993,5
META_JNK_IG_2026-04-25_75,Jacknkings,Instagram,2026/4/25,Y,"Trop Fun, Trop Citron ! 😄🍦 Des rires, du fun et une touche de citron 🍋✨ Deux petits gourmands qui s’amusent avec la glace saveur citron de Jack & King’s 😍❄️ Entre fraîcheur acidulée et moments de joie, chaque bouchée devient un vrai jeu 😋 Attention… bonne humeur garantie ! 😄🍦 #JackAndKings #LemonIceCream #FunMoments #IceCreamTime #SweetFun #FrozenTreat #HappyVibes #SummerFun #Yummy #Smile 🍋🍦😄",199,174,7,6,0,0,0,0,1057,6
META_JNK_IG_2026-04-22_76,Jacknkings,Instagram,2026/4/22,Y,"4 Saveurs. 1 Seule Obsession. 🍦🔥 Pêche douce 🍑 Mangue intense 🥭 Fraise gourmande 🍓 Raisin rafraîchissant 🍇 Quatre vibes, quatre sensations… mais un seul verdict 😏❄️ Avec Jack & King’s, chaque bouchée est une surprise, chaque saveur une tentation 😋🔥 👉 Le vrai défi ? S’arrêter après la première… #JackAndKings #FlavorAddiction #FruitIceCream #PeachMangoStrawberryGrape #IceCreamLovers #FrozenTreat #SweetExplosion #TasteTheFun #SummerVibes #Yummy 🍦🔥🍓🥭🍑🍇",181,149,6,5,0,0,0,0,506,3
META_JNK_IG_2026-04-21_77,Jacknkings,Instagram,2026/4/21,N,Nous sommes au plus grand salon mondial des fruits de mer. Jack & Kings vous attend en Espagne ! #jackandkings #icecreamlovers #cuisinechinoise,187,152,10,8,1,0,0,0,476,3
META_JNK_IG_2026-04-20_78,Jacknkings,Instagram,2026/4/20,Y,"Trois Saveurs. Zéro Contrôle. 💥🍦 Ça commence par une mangue 🥭… ça enchaîne avec une pêche 🍑… et ça finit en explosion citronnée 🍋💣 Avec Jack & King’s, chaque saveur joue sa propre règle 😏❄️ Tropicale, douce ou acidulée… ton cerveau hésite, mais ton palais a déjà choisi 😋🔥 ⚠️ Effet secondaire : impossible de s’arrêter à une seule… #JackAndKings #FlavorExplosion #MangoPeachLemon #IceCreamAddict #FrozenMadness #TasteTheVibe #SweetVsSour #IceCreamLovers #ViralFood #Yummy 🍦💥🍋🥭🍑",180,150,8,5,0,1,0,0,578,4
META_JNK_IG_2026-04-17_79,Jacknkings,Instagram,2026/4/17,Y,"Des Fruits… Qui Se Mangent Glacés 🍦🔥 Et si les fruits devenaient encore plus fun ? 😍 Mangue 🥭 • Pêche 🍑 • Fraise 🍓 • Ananas 🍍 • Banane 🍌 • Citron 🍋 Toute la fraîcheur des fruits… version glacée avec Jack & King’s ❄️✨ Colorés, gourmands et ultra rafraîchissants — ces ice creams ne se regardent pas… ils se dévorent 😋🔥 Un seul regard suffit pour craquer… alors imagine la première bouchée 👀🍦 #JackAndKings #FruitIceCream #FrozenFruits #Mango #Peach #Strawberry #Pineapple #Banana #Lemon #IceCreamLovers #FreshAndFun #SummerVibes #Yummy 🍦🍓🍍",163,138,8,7,0,0,0,0,710,5
META_JNK_IG_2026-04-15_80,Jacknkings,Instagram,2026/4/15,Y,"Ce N'est Pas Ce Que Tu Crois… 👀🍦 À première vue : une cuisse de poulet 🤔🍗 Mais dès la première bouchée… surprise totale 😍❄️ Avec Jack & King’s, découvre une glace qui joue avec tes sens : look inattendu + goût ultra gourmand = combo parfait 🔥 Un dessert qui attire les regards… et fait fondre tout le monde 😋✨ #JackAndKings #ChickenIceCream #FoodSurprise #IceCreamFun #UnexpectedDessert #ViralFood #FrozenTreat #DessertLovers #TrySomethingNew #Yummy 🍗🍦🔥",187,161,6,5,0,0,0,0,717,4
META_JNK_FB_2026-08-31_37,Jacknkings,Facebook,2026/8/31,Y,Et si on surfait aussi sur la hype de Justin Sun ? Des idées ? Laisse tomber 😂 Toutes nos glaces aux fruits Jacknkings à découvrir ! 🍧#justinsun #jackandkings #icecreamlovers #yummy #glace,738,37,14,11,0,0,0,0,79,2
META_JNK_FB_2026-08-25_38,Jacknkings,Facebook,2026/8/25,Y,"Tu pensais croquer dans du poulet frit, mais c'est en fait une glace hyper rafraîchissante ? 🍗🥶 De nos jours, même les glaces maîtrisent l'art du camouflage ! Et on en parle de cette mangue ultra-réaliste ? 🥭✨ 👇 Dis-moi, lequel t'a eu au premier coup d'œil ? #trompelœil #icecreamtime🍦 #sweettooth #snackhaul #aesthetic",481,139,8,5,2,0,0,0,425,3
META_JNK_FB_2026-08-10_39,Jacknkings,Facebook,2026/8/10,Y,"Enfin, tu peux trouver nos glaces en France ! #jackandkings #jacknkings #glace #lamer #summervibes",241,142,5,2,0,1,0,0,566,4
META_JNK_FB_2026-08-10_40,Jacknkings,Facebook,2026/8/10,N,"Enfin, tu peux trouver nos glaces en France !#jackandkings #jacknkings #yummy #glace #summervibes",218,209,0,0,0,0,0,0,633,3
META_JNK_FB_2026-08-10_41,Jacknkings,Facebook,2026/8/10,Y,"C'est pas juste de la glace, c'est de l'art (et c'est incroyablement bon). ✨ Petite pause rafraîchissante avec ces merveilles fruitées de Jack & King's. Lequel vous donne le plus envie ? La pêche, le citron ou le faux poulet frit ? 🍑🍋🍗#jackandkings #icecreamlovers #yummy #cuisinechinoise #glace",365,136,7,4,0,0,0,0,455,3
META_JNK_FB_2026-07-27_42,Jacknkings,Facebook,2026/7/27,Y,Les bons jours : une glace. 🍦 Les mauvais jours : une glace. 🍦 Tous les jours : une glace. 🍦 La glace ne résout peut-être pas tous les problèmes… mais elle aide beaucoup. 😂 #glace #icecream #foodlover #gourmandise #desert,7940,2,204,146,1,12,39,31,19,5
META_JNK_FB_2026-07-27_43,Jacknkings,Facebook,2026/7/27,N,Je crois que je souffre de boulimie… ou juste d'un très grand amour pour la nourriture. 😂 #foodlover #boulimie #nourriture #jackandkings #glace,5,2,0,0,0,0,0,0,20,5
META_JNK_FB_2026-07-19_44,Jacknkings,Facebook,2026/7/19,Y,"Nuit de légende. 🇦🇷🇪🇸 Un trophée, deux nations, une histoire qui s'écrit ce soir. ⚽🏆 #FinaleCoupeDuMonde #CoupeDuMonde2026 #Messi",6779,1190,293,271,0,1,12,56,5567,5
META_JNK_FB_2026-07-13_45,Jacknkings,Facebook,2026/7/13,N,Votre reel,289,243,2,2,0,0,0,0,1018,4
META_JNK_FB_2026-07-02_46,Jacknkings,Facebook,2026/7/2,Y,"Le Congo démarre fort ! 🔥 Après seulement 5 minutes, le Congo ouvre le score et mène 1-0 face à l'Angleterre. Qui aurait imaginé que l'Angleterre serait bousculée aussi vite pour son premier match à élimination directe ? En phase à élimination directe, il n'y a vraiment plus de petite équipe. Un seul but peut tout changer. L'Angleterre est en danger ! ⚽ #Angleterre #Congo #ÉliminationDirecte #FootballLive #CoupeDuMonde Surprise Atlanta JackDragonWorldCupTour",941,11,8,6,0,0,0,0,143,13
META_JNK_FB_2026-07-01_47,Jacknkings,Facebook,2026/7/1,Y,"Premier match à élimination directe pour l'Angleterre : les supporters étaient complètement fous ! Les supporters anglais ne sont pas venus simplement regarder le match, ils sont venus mettre tout le stade en feu. 🔥 C'est le premier match à élimination directe de l'Angleterre, et aussi un moment clé pour prouver qu'elle fait partie des grands favoris pour le titre. #Angleterre #ÉliminationDirecte #AmbianceFootball #Atlanta #CoupeDuMonde SupportersAnglais JackDragonWorldCupTour",1102,295,24,21,0,0,1,0,1082,4
META_JNK_FB_2026-07-01_48,Jacknkings,Facebook,2026/7/1,Y,Mon patron m'a dit de faire ma promo comme ça...#jackandkings #icecreamlovers #foodlovers #cuisinechinoise #glace,488,230,8,5,0,0,0,0,728,3
META_JNK_FB_2026-06-23_49,Jacknkings,Facebook,2026/6/23,Y,La glace de jack n kings！！！glace en forme de fruit！,509,215,8,5,0,0,0,0,792,4
META_JNK_FB_2026-06-22_50,Jacknkings,Facebook,2026/6/22,Y,"Jack Dragon World Cup Tour Pays-Bas 🇳🇱 vs Suède 🇸🇪 La passion de la Coupe du Monde enflamme Houston ! De Houston à Atlanta, un week-end au cœur de la ferveur et du football. #netherlands🇳🇱 #sweden🇸🇪 #houston #football",419,241,4,2,0,0,1,0,771,3
META_JNK_FB_2026-06-18_51,Jacknkings,Facebook,2026/6/18,Y,"Quel moment incroyable ! Le sport, c'est la vie. ⚽️🙌 #Sport #Incroyable #Ambiance #GameDay",494,272,9,6,1,0,0,0,1111,4
META_JNK_FB_2026-06-15_52,Jacknkings,Facebook,2026/6/15,Y,"Que serait la passion de l'été sans son âme sœur rafraîchissante ? Regardez notre mascotte, le petit dragon, faire une entrée éclatante avec la glace aux fruits 3D JacknKings ! #jacknkings #glace #ete #crèmeglacée",367,198,5,3,0,0,0,0,889,5
META_JNK_FB_2026-06-15_53,Jacknkings,Facebook,2026/6/15,N,Quel bonheur de se retrouver ici avec vous tous pour partager cette grande fête mondiale ! #crèmeglacée #glace #jacknkings #jackandkings,475,209,8,5,0,0,0,0,519,2
META_JNK_FB_2026-06-13_54,Jacknkings,Facebook,2026/6/13,Y,On dirait un vrai fruit... mais c'est une glace 🍓👀 Les glaces Jack and King's sont de retour pour l'été ! Tu goûterais laquelle ? #jackandkings #glacebay #icecream #foodtokfrance #été2026,582,255,10,7,0,1,0,0,892,4
META_JNK_FB_2026-06-08_55,Jacknkings,Facebook,2026/6/8,Y,La glace de Jacknkings!!!#glace #foodlover #fruits #ete,500,169,13,8,0,0,1,0,636,4
META_JNK_FB_2026-06-06_56,Jacknkings,Facebook,2026/6/6,Y,La glace en forme de fruit de chez jacknkings!#jackandkings #icecreamlovers #cuisinechinoise #yummy #foodlovers,498,215,9,6,0,0,0,0,882,4
META_JNK_FB_2026-06-03_57,Jacknkings,Facebook,2026/6/3,Y,note du public #jacknkings #glace #french,752,320,22,15,0,1,0,2,988,3
META_JNK_FB_2026-05-20_58,Jacknkings,Facebook,2026/5/20,Y,Applaudissez bien fort notre mvp arrive . . . #badbunny #glace #pilon #fruits #jackandkings,565,263,17,12,1,0,0,0,802,3
META_JNK_FB_2026-05-18_59,Jacknkings,Facebook,2026/5/18,Y,Choisis un cœur = ta glace du jour 🛒🍦 . . . . . 1. 🥭 Glace à la mangue 2. 🍍 Glace à l'ananas 3. 🍑 Glace à la pêche 4. 🍇 Glace au raisin 5. 🍗 Poulet #jackandkings #icecreamlovers #❤❤ #glace #fruit,757,298,14,8,1,0,0,0,1817,6
META_JNK_FB_2026-05-15_60,Jacknkings,Facebook,2026/5/15,Y,Glace en bac aux fruits JacknKings #glace #fruit #jackandkings #foodlovers,463,224,13,9,0,0,0,0,973,4
META_JNK_FB_2026-05-14_61,Jacknkings,Facebook,2026/5/14,Y,"Glace en forme de cuisse de poulet 🤤 Surprise à chaque bouchée, original et gourmand !#jackandkings #yummy #glace #foodlovers",537,300,10,5,1,0,0,0,1556,5
META_JNK_FB_2026-05-08_62,Jacknkings,Facebook,2026/5/8,Y,La glace cuisse de poulet de Jack & Kings #france #glace #jackandkings #cuissedepoulet #cuisse,733,335,22,13,1,4,0,0,1351,4
META_JNK_FB_2026-04-30_63,Jacknkings,Facebook,2026/4/30,Y,Glace au citron？#icecream #lemon #glace #citron,669,338,11,8,0,0,0,0,1355,4
META_JNK_FB_2026-04-25_64,Jacknkings,Facebook,2026/4/25,Y,"Trop Fun, Trop Citron ! 😄🍦 Des rires, du fun et une touche de citron 🍋✨ Deux petits gourmands qui s’amusent avec la glace saveur citron de Jack & King’s 😍❄️ Entre fraîcheur acidulée et moments de joie, chaque bouchée devient un vrai jeu 😋 Attention… bonne humeur garantie ! 😄🍦 #JackAndKings #LemonIceCream #FunMoments #IceCreamTime #SweetFun #FrozenTreat #HappyVibes #SummerFun #Yummy #Smile 🍋🍦😄",274,267,0,0,0,0,0,0,1085,4
META_JNK_FB_2026-04-22_65,Jacknkings,Facebook,2026/4/22,Y,"4 Saveurs. 1 Seule Obsession. 🍦🔥 Pêche douce 🍑 Mangue intense 🥭 Fraise gourmande 🍓 Raisin rafraîchissant 🍇 Quatre vibes, quatre sensations… mais un seul verdict 😏❄️ Avec Jack & King’s, chaque bouchée est une surprise, chaque saveur une tentation 😋🔥 👉 Le vrai défi ? S’arrêter après la première… #JackAndKings #FlavorAddiction #FruitIceCream #PeachMangoStrawberryGrape #IceCreamLovers #FrozenTreat #SweetExplosion #TasteTheFun #SummerVibes #Yummy 🍦🔥🍓🥭🍑🍇",187,154,2,2,0,0,0,0,626,4
META_JNK_FB_2026-04-20_66,Jacknkings,Facebook,2026/4/20,Y,"Trois Saveurs. Zéro Contrôle. 💥🍦 Ça commence par une mangue 🥭… ça enchaîne avec une pêche 🍑… et ça finit en explosion citronnée 🍋💣 Avec Jack & King’s, chaque saveur joue sa propre règle 😏❄️ Tropicale, douce ou acidulée… ton cerveau hésite, mais ton palais a déjà choisi 😋🔥 ⚠️ Effet secondaire : impossible de s’arrêter à une seule… #JackAndKings #FlavorExplosion #MangoPeachLemon #IceCreamAddict #FrozenMadness #TasteTheVibe #SweetVsSour #IceCreamLovers #ViralFood #Yummy 🍦💥🍋🥭🍑",8,5,0,0,0,0,0,0,21,4
META_JNK_FB_2026-04-17_67,Jacknkings,Facebook,2026/4/17,Y,"Des Fruits… Qui Se Mangent Glacés 🍦🔥 Et si les fruits devenaient encore plus fun ? 😍 Mangue 🥭 • Pêche 🍑 • Fraise 🍓 • Ananas 🍍 • Banane 🍌 • Citron 🍋 Toute la fraîcheur des fruits… version glacée avec Jack & King’s ❄️✨ Colorés, gourmands et ultra rafraîchissants — ces ice creams ne se regardent pas… ils se dévorent 😋🔥 Un seul regard suffit pour craquer… alors imagine la première bouchée 👀🍦 #JackAndKings #FruitIceCream #FrozenFruits #Mango #Peach #Strawberry #Pineapple #Banana #Lemon #IceCreamLovers #FreshAndFun #SummerVibes #Yummy 🍦🍓🍍",84,79,1,1,0,0,0,0,364,5
META_JNK_FB_2026-04-15_68,Jacknkings,Facebook,2026/4/15,Y,"Ce N'est Pas Ce Que Tu Crois… 👀🍦 À première vue : une cuisse de poulet 🤔🍗 Mais dès la première bouchée… surprise totale 😍❄️ Avec Jack & King’s, découvre une glace qui joue avec tes sens : look inattendu + goût ultra gourmand = combo parfait 🔥 Un dessert qui attire les regards… et fait fondre tout le monde 😋✨ #JackAndKings #ChickenIceCream #FoodSurprise #IceCreamFun #UnexpectedDessert #ViralFood #FrozenTreat #DessertLovers #TrySomethingNew #Yummy 🍗🍦🔥",83,80,1,1,0,0,0,0,21,4
